{"dt": 0.009999999776482582, "Train/mean_policy_pred": -0.465347421169281, "Train/mean_expert_pred": 0.4856362730264664, "n_updates": 3300, "Loss/value_function": 2.131983256340027, "Loss/surrogate": 0.0021112365036970006, "Loss/AMP": 0.30860656052827834, "Loss/AMP_grad": 0.193260757625103, "Loss/learning_rate": 2.2500000000000005e-05, "Train/mean_reward": 343.9734804725647, "Train/mean_episode_length_t": 4.899099890496582, "Train/mean_episode_length": 489.91, "_timestamp": 1721720875.9148664, "_runtime": 3194.5943274497986, "_step": 330}