{"dt": 0.009999999776482582, "Train/mean_policy_pred": -0.4202112004160881, "Train/mean_expert_pred": 0.4166182309389114, "n_updates": 65550, "Loss/value_function": 0.6978828579187393, "Loss/surrogate": 0.007390592683805153, "Loss/AMP": 0.36188357323408127, "Loss/AMP_grad": 0.20372465029358863, "Loss/learning_rate": 1e-05, "Train/mean_reward": 1282.504122467041, "Train/mean_episode_length_t": 17.639799605719745, "Train/mean_episode_length": 1763.98, "_timestamp": 1721778975.8588126, "_runtime": 61294.53827357292, "_step": 6555, "_wandb": {"runtime": 61300}}