{"dt": 0.009999999776482582, "Train/mean_policy_pred": NaN, "Train/mean_expert_pred": NaN, "n_updates": 0, "Loss/value_function": 101.15059623718261, "Loss/surrogate": 0.0029602141167742956, "Loss/AMP": NaN, "Loss/AMP_grad": NaN, "Loss/learning_rate": 0.0006666666666666666, "Train/mean_reward": 25.089049746990202, "Train/mean_episode_length_t": 0.2114999952726066, "Train/mean_episode_length": 21.15, "_timestamp": 1721806258.6352386, "_runtime": 12.084932565689087, "_step": 0, "_wandb": {"runtime": 11}}